pagina,seed_topic,keywords_di_partenza
https://www.asidatamyte.it,Homepage,[]
https://www.asidatamyte.it/wls-torque-wrench,Chiave dinamometrica elettronica in fibra di carbonio per il controllo qualità industriale,"[""Chiave dinamometrica"",""Dinamometrica"",""coppia residua"",""chiavi dinamometriche"",""chiavi dinamometriche elettroniche"",""chiavi dinamometrica professionale"",""chiave torsiometrica"",""controllo qualità""]"
https://www.asidatamyte.it/wls-ev-in-fibra-di-carbonio-per-la-qualita-e-la-produzione,Chiave dinamometrica elettronica in fibra di carbonio per il controllo qualità industriale,"[""Chiave dinamometrca elettronica"",""Dinamometriche"",""chiavi dinamometriche elettroniche""]"
https://www.asidatamyte.it/stahlwille-manoskop-766-daptiq,Chiace dinamometrica elettronica a scatto per la produzione industriale,"[""Stahlwille"",""Chiave dinamometrica a scatto"",""chiave dinamometrica a scatto reale""]"
https://www.asidatamyte.it/chiave-elettronica-bms,Chiave meccanica a scatto per la produzione industriale,"[""Chiave dinamometrica digitale"",""Dinamometrica digitale"",""dinamometriche""]"
https://www.asidatamyte.it/datamyte-revolution,Sistema di raccolta dati di produzione,[]
https://www.asidatamyte.it/btcs,Convertitore di segnali per strumenti analogici 1/2 mV/V,"[""Convertitore analogico-digitale"",""Sensore rotativo"",""convertitore analogico digitale""]"
https://www.asidatamyte.it/profilometro-laser-gauge,Sistema di misurazione laser per i giochi e profili automotive e aerospaziale,"[""controllo automotive"",""gap and flush"",""giochi e profili""]"
https://www.asidatamyte.it/lg-automation,Sistema di misurazione laser per i giochi e profili automotive e aerospaziale automatizzato,[]
https://www.asidatamyte.it/lgcontroller,,[]
https://www.asidatamyte.it/lgle,Sistema di misurazione laser per i giochi e profili automotive e aerospaziale con dimensioni ridotte,"[""Leading edge"",""Profili aeronautici""]"
https://www.asidatamyte.it/misura-lineare-lmi,Dispositivi per la misurazione dei giochi e dei profili automotive,"[""Misura lineare"",""Misure lineari"",""strumento per misure lineari di alta precisione""]"
https://www.asidatamyte.it/step-gauge,Calibro digitale bluetooth ,"[""Calibro digitale"",""Calibro digitale mitutoyo""]"
https://www.asidatamyte.it/sensore-capacitivo-capacitec,Sensore con sonda capacitiva per misurare i gap,"[""Sensore capacitivo"",""Sensori capacitivi"",""capacitivo"",""capacitiva"",""sonda capacitiva""]"
https://www.asidatamyte.it/qsw-piattaforma-web-modulare-qualita,Sistema di gestione della qualità modulare web,[]
https://www.asidatamyte.it/sistema-di-gestione-della-qualita,Sistema di gestione della qualità modulare,"[""sistema di gestione della qualità"",""gestione qualità"",""Non conformità"",""software qualità"",""sistema di gestione della qualità della produzione"",""qms italia"", ""qualità software"", ""software qms"", ""software per la qualità"",""sistemi di gestione"",""sistema qualità"",""gestione della qualità""]"
https://www.asidatamyte.it/software-datamyte,,[]
https://www.asidatamyte.it/checklist-digitali-digital-clipboard,Software per la gestione del flusso di lavoro,"[""Flusso di lavoro"",""Flussi di lavoro"","" workflow"","" workflow management""]"
https://www.asidatamyte.it/raccolta-dati-aided-dc,Sistema di raccolta dati da strumenti bluetooth per la produzione e qualità industriale,"[""Software raccolta dati"",""raccolta dati"",""software raccolta dati produzione"",""raccolta dati produzione"",""raccolta dati di produzione"",""tabella serraggio bulloni con chiave dinamometrica""]"
https://www.asidatamyte.it/qps,,[]
https://www.asidatamyte.it/chi-siamo,"Pagina aziendale ""chi siamo""",[]
https://www.asidatamyte.it/mission-e-vision-asi-datamyte-italia,"Pagina aziendale ""mission e vision""",[]
https://www.asidatamyte.it/il-nostro-impegno-green,"Pagina aziendale ""impegno green""",[]
https://www.asidatamyte.it/contatta-asi-datamyte-italia,"Pagina aziendale ""richiedi informazioni""","[""Contatta asi datamyte italia"",""informazioni asi datamyte""]"
https://www.asidatamyte.it/lavora-con-noi/,"Pagina aziendale ""lavora con noi""",[]
https://www.asidatamyte.it/supporto-asi-datamyte-italia,"Pagina aziendale ""supporto""",[]
